<?xml version="1.0" encoding="UTF-8"?>
<extension type="module" version="3.0" client="site" method="upgrade">
	<name>XGallery Collection</name>
	<author>Dana Harris</author>
	<authorEmail>optikool@yahoo.com</authorEmail>
	<authorUrl>http://www.eyenetdesigns.com</authorUrl>
	<creationDate>12-27-2014</creationDate>
	<copyright>Copyright (C) 2010 Optikool.com. All rights reserved.</copyright>
	<license>http://www.gnu.org/licenses/gpl-2.0.html GNU/GPL</license>	
	<version>1.0.0</version>
	<description>XGallery Collection allows you to place a collection of images anywhere on your website.</description>
	
	<files>	
		<filename module="mod_xgallery_collection">mod_xgallery_collection.php</filename>	
		<filename>helper.php</filename>		
		<filename>index.html</filename>		
		<folder>css</folder>
		<folder>languages</folder>
		<folder>tmpl</folder>		
	</files>
	<languages>
		<language tag="en-GB">languages/en-GB.mod_xgallery_collection.ini</language>
		<language tag="en-GB">languages/en-GB.mod_xgallery_collection.sys.ini</language>
	</languages>
	<config>
		<fields name="params">
			<fieldset name="basic">
			    <field 
			        name="coll_id" 
			        type="category" 
		            multiple="multiple"
		            extension="com_xgallery"
		            default="" 
		            label="MOD_XGALLERY_COLLECTION_ID" 
		            description="MOD_XGALLERY_COLLECTION_ID_DESC" 
		            required="required" />
				<field name="images_num" type="text" default="5" label="MOD_XGALLERY_COLLECTION_NUMBER_OF_IMAGES" description="MOD_XGALLERY_COLLECTION_NUMBER_OF_IMAGES_DESC" />
				<field name="images_per_row" type="text" default="5" label="MOD_XGALLERY_COLLECTION_IMAGES_PER_ROW" description="MOD_XGALLERY_COLLECTION_IMAGES_PER_ROW_DESC" />
				<field name="sort_method" type="radio" default="newest" label="MOD_XGALLERY_COLLECTION_DISPLAY_ORDER" description="MOD_XGALLERY_COLLECTION_DISPLAY_ORDER_DESC">
					<option value="newest">MOD_XGALLERY_COLLECTION_NEWEST</option>
					<option value="oldest">MOD_XGALLERY_COLLECTION_OLDEST</option>
					<option value="random">MOD_XGALLERY_COLLECTION_RAND</option>
					<option value="popular">MOD_XGALLERY_COLLECTION_POPULAR</option>
				</field>
				
				<field name="@spacer" type="spacer" default="" label="" description="" />
				
				<field name="show_tname" class="btn-group" type="radio" default="1" label="MOD_XGALLERY_COLLECTION_SHOW_THUMB_NAME" description="MOD_XGALLERY_COLLECTION_SHOW_THUMB_NAME_DESC">
					<option value="1">JYES</option>
					<option value="0">JNO</option>
				</field>
				<field name="show_thumbnails" class="btn-group" type="radio" default="0" label="MOD_XGALLERY_COLLECTION_SHOW_THUMBNAILS" description="MOD_XGALLERY_COLLECTION_SHOW_THUMBNAILS_DESC">
					<option value="1">JYES</option>
					<option value="0">JNO</option>
				</field>
				<field name="show_protected" class="btn-group" type="radio" default="0" label="MOD_XGALLERY_COLLECTION_SHOW_PROTECTED" description="MOD_XGALLERY_COLLECTION_SHOW_PROTECTED_DESC">
					<option value="1">JYES</option>
					<option value="0">JNO</option>
				</field>
				<field name="show_title" class="btn-group" type="radio" default="0" label="MOD_XGALLERY_COLLECTION_SHOW_TITLE" description="MOD_XGALLERY_COLLECTION_SHOW_TITLE_DESC">
                    <option value="1">JYES</option>
                    <option value="0">JNO</option>
                </field>
				<field name="show_quicktake" class="btn-group" type="radio" default="0" label="MOD_XGALLERY_COLLECTION_SHOW_QUICKTAKE" description="MOD_XGALLERY_COLLECTION_SHOW_QUICKTAKE_DESC">
					<option value="1">JYES</option>
					<option value="0">JNO</option>
				</field>
				<field name="show_description" class="btn-group" type="radio" default="0" label="MOD_XGALLERY_COLLECTION_SHOW_DESCRIPTION" description="MOD_XGALLERY_COLLECTION_SHOW_DESCRIPTION_DESC">
					<option value="1">JYES</option>
					<option value="0">JNO</option>
				</field>
				<!-- <field name="show_caption" class="btn-group" type="radio" default="1" label="MOD_XGALLERY_COLLECTION_SHOW_SUBSCRIPTION" description="MOD_XGALLERY_COLLECTION_SHOW_SUBSCRIPTION_DESC">
					<option value="1">JYES</option>
					<option value="0">JNO</option>
				</field>		 -->
				<field name="show_date" class="btn-group" type="radio" default="0" label="MOD_XGALLERY_COLLECTION_SHOW_DATE" description="MOD_XGALLERY_COLLECTION_SHOW_DATE_DESC">
					<option value="1">JYES</option>
					<option value="0">JNO</option>
				</field>
				<field name="show_hits" class="btn-group" type="radio" default="0" label="MOD_XGALLERY_COLLECTION_SHOW_HITS" description="MOD_XGALLERY_COLLECTION_SHOW_HITS_DESC">
					<option value="1">JYES</option>
					<option value="0">JNO</option>
				</field>
				<field name="show_tags" class="btn-group" type="radio" default="0" label="MOD_XGALLERY_COLLECTION_SHOW_TAGS" description="MOD_XGALLERY_COLLECTION_SHOW_TAGS_DESC">
					<option value="1">JYES</option>
					<option value="0">JNO</option>
				</field>
				<field name="show_submitter" class="btn-group" type="radio" default="0" label="MOD_XGALLERY_COLLECTION_SHOW_SUBMITTER" description="MOD_XGALLERY_COLLECTION_SHOW_SUBMITTER_DESC">
                	<option value="1">JYES</option>
                	<option value="0">JNO</option>
                </field>
				<field name="group_images" class="btn-group" type="radio" default="1" label="MOD_XGALLERY_COLLECTION_GROUP_IMAGES" description="MOD_XGALLERY_COLLECTION_GROUP_IMAGES_DESC">
					<option value="1">JYES</option>
					<option value="0">JNO</option>
				</field>
				<field name="show_css" class="btn-group" type="radio" default="1" label="MOD_XGALLERY_COLLECTION_LOAD_CSS" description="MOD_XGALLERY_COLLECTION_LOAD_CSS_DESC">
					<option value="1">JYES</option>
					<option value="0">JNO</option>
				</field>			    
			</fieldset>
			<fieldset name="advanced">
			    <field
					name="layout"
					type="modulelayout"
					label="JFIELD_ALT_LAYOUT_LABEL"
					description="JFIELD_ALT_MODULE_LAYOUT_DESC" />
			    <field 
			        name="moduleclass_sfx" 
			        type="text" 
			        default="" 
			        label="COM_MODULES_FIELD_MODULECLASS_SFX_LABEL" 
			        description="COM_MODULES_FIELD_MODULECLASS_SFX_DESC" />
			    <field
					name="cache"
					type="list"
					default="1"
					label="COM_MODULES_FIELD_CACHING_LABEL"
					description="COM_MODULES_FIELD_CACHING_DESC">
					<option
						value="1">JGLOBAL_USE_GLOBAL</option>
					<option
						value="0">COM_MODULES_FIELD_VALUE_NOCACHING</option>
				</field>
				<field
					name="cache_time"
					type="text"
					default="900"
					label="COM_MODULES_FIELD_CACHE_TIME_LABEL"
					description="COM_MODULES_FIELD_CACHE_TIME_DESC" />
				<field
					name="cachemode"
					type="hidden"
					default="itemid">
					<option
						value="itemid"></option>
				</field>		    
			</fieldset>
		</fields>
	</config>		
</extension>
